City_ID,City,Country,Date,Lat,Lng,Max Temp,Humidity,Cloudiness,Wind Speed
0,Rikitea,PF,2021-04-16 17:39:29,-23.1203,-134.9692,77.34,70,100,12.06
1,Cabo San Lucas,MX,2021-04-16 17:39:09,22.8909,-109.9124,86.0,34,20,6.91
2,Khasan,RU,2021-04-16 17:39:29,42.4308,130.6434,43.39,73,99,6.04
3,Chokurdakh,RU,2021-04-16 17:39:29,70.6333,147.9167,-10.91,100,99,8.12
4,Busselton,AU,2021-04-16 17:39:30,-33.65,115.3333,57.99,87,25,1.99
5,Anadyr,RU,2021-04-16 17:39:30,64.75,177.4833,33.8,80,0,20.13
6,Katsuura,JP,2021-04-16 17:39:31,35.1333,140.3,59.0,82,95,12.44
7,Codrington,AU,2021-04-16 17:39:31,-38.2667,141.9667,52.97,66,74,5.88
8,Batemans Bay,AU,2021-04-16 17:39:31,-35.7167,150.1833,55.0,82,64,1.01
9,Yellowknife,CA,2021-04-16 17:39:32,62.456,-114.3525,42.8,52,20,4.61
10,Gamboula,CF,2021-04-16 17:39:32,4.1178,15.1393,73.69,77,93,3.96
11,Punta Arenas,CL,2021-04-16 17:39:32,-53.15,-70.9167,50.0,53,40,36.82
12,Praya,CV,2021-04-16 17:38:50,14.9215,-23.5087,77.0,57,40,20.71
13,Port Elizabeth,ZA,2021-04-16 17:35:42,-33.918,25.5701,62.6,67,0,9.22
14,Barinitas,VE,2021-04-16 17:39:33,8.7622,-70.4111,82.54,61,77,2.73
15,Vaini,TO,2021-04-16 17:39:33,-21.2,-175.2,68.0,88,20,5.75
16,Tasiilaq,GL,2021-04-16 17:39:33,65.6145,-37.6368,28.4,93,75,35.68
17,Mastung,PK,2021-04-16 17:39:34,29.7994,66.845,62.08,35,29,6.67
18,Matara,LK,2021-04-16 17:39:34,5.9485,80.5353,76.6,89,94,4.03
19,Khatanga,RU,2021-04-16 17:39:34,71.9667,102.5,6.53,95,100,10.33
20,Ushuaia,AR,2021-04-16 17:39:35,-54.8,-68.3,44.6,70,20,39.12
21,East London,ZA,2021-04-16 17:39:35,-33.0153,27.9116,59.0,67,0,5.75
22,Jiayuguan,CN,2021-04-16 17:39:35,39.8167,98.3,42.75,21,0,3.47
23,Atuona,PF,2021-04-16 17:39:36,-9.8,-139.0333,80.53,73,90,17.9
24,Cape Town,ZA,2021-04-16 17:38:33,-33.9258,18.4232,72.0,63,0,4.61
25,Mataura,NZ,2021-04-16 17:39:36,-46.1927,168.8643,41.0,94,70,4.0
26,Bluff,NZ,2021-04-16 17:39:36,-46.6,168.3333,41.0,94,94,4.0
27,Nikolskoye,RU,2021-04-16 17:39:37,59.7035,30.7861,51.01,27,0,11.18
28,Saint-Philippe,RE,2021-04-16 17:35:42,-21.3585,55.7679,78.8,78,0,5.75
29,Barrow,US,2021-04-16 17:39:37,71.2906,-156.7887,-0.4,71,1,10.36
30,Chifeng,CN,2021-04-16 17:39:37,42.2683,118.9636,40.64,25,96,23.42
31,Barzas,RU,2021-04-16 17:39:38,55.7167,86.3167,33.8,80,90,15.66
32,New Norfolk,AU,2021-04-16 17:39:38,-42.7826,147.0587,53.01,71,100,5.01
33,Diamantino,BR,2021-04-16 17:39:38,-14.4086,-56.4461,89.89,47,54,2.55
34,Bathsheba,BB,2021-04-16 17:35:23,13.2167,-59.5167,86.0,54,40,16.11
35,Kavaratti,IN,2021-04-16 17:39:33,10.5669,72.642,84.63,72,37,7.18
36,Loyga,RU,2021-04-16 17:39:39,61.0784,44.6075,36.77,76,3,3.58
37,Saint-Joseph,RE,2021-04-16 17:39:39,-21.3667,55.6167,78.8,78,0,5.75
38,Torbay,CA,2021-04-16 17:35:29,47.6666,-52.7314,36.0,86,90,21.85
39,Guerrero Negro,MX,2021-04-16 17:39:40,27.9769,-114.0611,64.83,59,70,18.97
40,Lively,CA,2021-04-16 17:39:40,46.4334,-81.1498,39.99,93,90,16.11
41,Alta Floresta,BR,2021-04-16 17:39:40,-9.8756,-56.0861,89.6,58,40,3.44
42,Kodiak,US,2021-04-16 17:39:41,57.79,-152.4072,39.2,87,90,8.05
43,Harstad,NO,2021-04-16 17:39:41,68.799,16.5293,43.0,90,100,8.01
44,Hasaki,JP,2021-04-16 17:39:41,35.7333,140.8333,55.4,82,75,3.44
45,Talnakh,RU,2021-04-16 17:39:42,69.4865,88.3972,-9.08,99,100,4.47
46,Fergus Falls,US,2021-04-16 17:39:42,46.283,-96.0776,46.4,76,75,14.97
47,Olafsvik,IS,2021-04-16 17:39:42,64.8945,-23.7142,37.96,70,76,33.51
48,Vardo,NO,2021-04-16 17:39:43,70.3705,31.1107,37.4,87,75,21.85
49,Te Anau,NZ,2021-04-16 17:39:43,-45.4167,167.7167,39.58,92,74,3.11
50,Krasnokamensk,RU,2021-04-16 17:39:43,50.0979,118.0369,30.38,47,4,4.45
51,Daru,PG,2021-04-16 17:39:44,-9.0763,143.2092,79.21,83,54,9.31
52,Portland,US,2021-04-16 17:36:19,45.5234,-122.6762,71.01,40,0,3.0
53,Leningradskiy,RU,2021-04-16 17:39:44,69.3833,178.4167,23.92,80,97,8.55
54,Sur,OM,2021-04-16 17:39:44,22.5667,59.5289,84.63,52,27,4.81
55,Monte Azul Paulista,BR,2021-04-16 17:39:45,-20.9072,-48.6414,83.79,39,59,1.14
56,Saint George,US,2021-04-16 17:39:45,37.1041,-113.5841,64.0,28,1,3.44
57,Hermanus,ZA,2021-04-16 17:39:45,-34.4187,19.2345,64.0,66,0,1.01
58,Hobyo,SO,2021-04-16 17:39:31,5.3505,48.5268,83.21,66,7,15.84
59,Pevek,RU,2021-04-16 17:39:46,69.7008,170.3133,19.67,95,100,8.81
60,Konstantinovka,RU,2021-04-16 17:39:46,49.6167,127.9833,38.35,95,100,12.64
61,Quatre Cocos,MU,2021-04-16 17:39:46,-20.2078,57.7625,79.0,94,40,5.75
62,Dikson,RU,2021-04-16 17:39:47,73.5069,80.5464,-9.87,99,100,6.76
63,Mar Del Plata,AR,2021-04-16 17:39:12,-38.0023,-57.5575,73.0,83,40,3.44
64,Cherskiy,RU,2021-04-16 17:39:47,68.75,161.3,-2.76,99,95,5.53
65,Adrar,MR,2021-04-16 17:37:27,20.5022,-10.0711,88.92,15,33,10.98
66,Albany,US,2021-04-16 17:35:03,42.6001,-73.9662,44.01,73,100,5.97
67,Road Town,VG,2021-04-16 17:37:13,18.4167,-64.6167,84.2,65,20,10.36
68,Fomboni,KM,2021-04-16 17:39:48,-12.28,43.7425,82.58,75,98,10.92
69,Bagalkot,IN,2021-04-16 17:39:48,16.1833,75.7,86.05,35,2,11.52
70,Hobart,AU,2021-04-16 17:39:49,-42.8794,147.3294,54.0,58,90,10.36
71,Cayenne,GF,2021-04-16 17:39:49,4.9333,-52.3333,86.0,66,40,14.97
72,Kropotkin,RU,2021-04-16 17:39:49,45.4375,40.5756,49.8,93,86,5.75
73,Chute-Aux-Outardes,CA,2021-04-16 17:39:49,49.1168,-68.399,42.8,61,1,20.71
74,Marzuq,YE,2021-04-16 17:39:50,14.4,46.4667,70.41,60,27,6.53
75,Lorengau,PG,2021-04-16 17:39:50,-2.0226,147.2712,81.21,80,90,9.26
76,Norman Wells,CA,2021-04-16 17:39:50,65.282,-126.8329,33.8,69,20,3.44
77,Mulbagal,IN,2021-04-16 17:39:51,13.1667,78.4,75.69,63,54,8.52
78,Laohekou,CN,2021-04-16 17:39:51,32.3858,111.6678,56.52,71,71,7.25
79,Miyazu,JP,2021-04-16 17:39:51,35.5333,135.1833,55.62,87,100,12.97
80,Sorong,ID,2021-04-16 17:39:52,-0.8833,131.25,78.71,85,99,9.35
81,Kenai,US,2021-04-16 17:39:52,60.5544,-151.2583,37.99,86,1,5.75
82,Butaritari,KI,2021-04-16 17:39:52,3.0707,172.7902,81.28,75,92,7.78
83,Kruisfontein,ZA,2021-04-16 17:39:53,-34.0033,24.7314,61.0,63,23,3.0
84,Itoman,JP,2021-04-16 17:39:53,26.1247,127.6694,73.4,83,75,9.22
85,Socorro,US,2021-04-16 17:37:06,31.6546,-106.3033,69.01,10,90,11.5
86,Jalu,LY,2021-04-16 17:39:53,29.0331,21.5482,90.61,10,48,9.84
87,Eston,CA,2021-04-16 17:39:54,51.1501,-108.7514,53.6,28,20,8.05
88,Sao Filipe,CV,2021-04-16 17:39:54,14.8961,-24.4956,72.23,72,1,15.08
89,Castro,BR,2021-04-16 17:35:01,-24.7911,-50.0119,75.99,45,65,4.47
90,Port Alfred,ZA,2021-04-16 17:39:54,-33.5906,26.891,63.23,61,1,15.26
91,Berlevag,NO,2021-04-16 17:38:47,70.8578,29.0864,39.2,81,75,26.46
92,Buraydah,SA,2021-04-16 17:38:46,26.326,43.975,82.4,20,40,13.8
93,Yala,TH,2021-04-16 17:37:18,6.3333,101.25,75.34,92,100,2.19
94,Tiksi,RU,2021-04-16 17:39:55,71.6872,128.8694,-9.56,100,99,5.39
95,Boueni,YT,2021-04-16 17:39:56,-12.9025,45.0761,82.4,78,20,11.5
96,Shubarkuduk,KZ,2021-04-16 17:39:56,49.1447,56.4872,58.23,34,65,9.44
97,Homer,US,2021-04-16 17:35:05,59.6425,-151.5483,35.01,86,1,3.44
98,Ilulissat,GL,2021-04-16 17:39:56,69.2167,-51.1,8.6,78,75,17.27
99,Grindavik,IS,2021-04-16 17:39:57,63.8424,-22.4338,41.0,70,75,27.63
100,Foumban,CM,2021-04-16 17:39:57,5.7291,10.9001,70.59,64,91,1.97
101,Abu Samrah,SY,2021-04-16 17:39:57,35.3029,37.1841,71.06,33,98,6.76
102,Kapaa,US,2021-04-16 17:39:57,22.0752,-159.319,66.0,94,75,6.91
103,Georgetown,MY,2021-04-16 17:36:06,5.4112,100.3354,84.2,79,20,3.44
104,North Bend,US,2021-04-16 17:35:27,43.4065,-124.2243,46.4,100,90,6.91
105,Ponta Do Sol,PT,2021-04-16 17:35:28,32.6667,-17.1,66.2,63,20,16.11
106,Tuktoyaktuk,CA,2021-04-16 17:35:49,69.4541,-133.0374,14.0,92,90,6.91
107,Sungairaya,ID,2021-04-16 17:39:58,0.7,108.9,77.63,84,95,1.83
108,Port Hardy,CA,2021-04-16 17:39:59,50.6996,-127.4199,51.8,66,1,2.3
109,Pundaguitan,PH,2021-04-16 17:39:59,6.3711,126.1689,82.58,76,100,10.58
110,Sibolga,ID,2021-04-16 17:39:59,1.7427,98.7792,77.43,86,86,2.06
111,Pitimbu,BR,2021-04-16 17:40:00,-7.4706,-34.8086,84.2,79,40,13.8
112,Puerto Ayora,EC,2021-04-16 17:40:00,-0.7393,-90.3518,80.6,83,75,11.5
113,Boa Esperanca,BR,2021-04-16 17:40:00,-21.09,-45.5658,77.54,51,1,2.1
114,Cristalina,BR,2021-04-16 17:40:01,-16.7686,-47.6136,76.59,44,16,5.12
115,Hambantota,LK,2021-04-16 17:40:01,6.1241,81.1185,77.04,87,99,7.96
116,Tazovskiy,RU,2021-04-16 17:40:01,67.4667,78.7,6.15,96,100,5.28
117,Ostrovnoy,RU,2021-04-16 17:40:02,68.0531,39.5131,34.39,88,100,13.53
118,Alofi,NU,2021-04-16 17:40:02,-19.0595,-169.9187,68.0,100,98,1.14
119,Bayevo,RU,2021-04-16 17:40:02,53.2833,80.7667,43.34,92,90,13.04
120,Hithadhoo,MV,2021-04-16 17:40:03,-0.6,73.0833,82.87,62,19,5.55
121,Pangnirtung,CA,2021-04-16 17:40:03,66.1451,-65.7125,3.2,72,40,13.8
122,Provideniya,RU,2021-04-16 17:40:03,64.3833,-173.3,24.98,98,98,7.61
123,San Rafael,AR,2021-04-16 17:40:04,-34.6177,-68.3301,79.9,35,47,7.49
124,Keuruu,FI,2021-04-16 17:40:04,62.2667,24.7,50.0,29,0,8.05
125,Caravelas,BR,2021-04-16 17:40:04,-17.7125,-39.2481,79.83,62,15,9.66
126,Llanes,ES,2021-04-16 17:40:05,43.4198,-4.7549,53.01,48,5,13.33
127,Morgan City,US,2021-04-16 17:40:05,29.6994,-91.2068,72.0,78,75,8.05
128,Jumla,NP,2021-04-16 17:39:03,29.2747,82.1838,49.5,56,93,4.29
129,Epiniana,GR,2021-04-16 17:40:05,39.1429,21.6134,45.0,80,100,8.01
130,Jamestown,US,2021-04-16 17:40:06,42.097,-79.2353,39.0,100,90,13.8
131,Kokopo,PG,2021-04-16 17:40:06,-4.352,152.2633,77.22,88,100,5.93
132,Praia Da Vitoria,PT,2021-04-16 17:40:06,38.7333,-27.0667,64.4,82,40,17.25
133,Nizhniy Kuranakh,RU,2021-04-16 17:40:07,58.8353,125.4869,32.86,65,100,13.87
134,Saint-Jean-Port-Joli,CA,2021-04-16 17:40:07,47.2171,-70.2658,46.4,65,95,23.02
135,Sao Jose Da Coroa Grande,BR,2021-04-16 17:35:52,-8.8978,-35.1478,81.18,72,82,7.47
136,Suluova,TR,2021-04-16 17:40:07,40.8313,35.6479,51.8,76,75,19.57
137,Pisco,PE,2021-04-16 17:40:08,-13.7,-76.2167,71.6,73,0,10.36
138,Airai,TL,2021-04-16 17:40:08,-8.9266,125.4092,57.51,90,28,2.84
139,Nouadhibou,MR,2021-04-16 17:40:08,20.931,-17.0347,73.4,60,0,20.71
140,Urumqi,CN,2021-04-16 17:40:09,43.801,87.6005,60.8,16,0,2.24
141,Mount Gambier,AU,2021-04-16 17:40:09,-37.8333,140.7667,51.8,76,90,5.75
142,Bardsir,IR,2021-04-16 17:40:09,29.9227,56.5743,68.0,24,40,11.5
143,Qaanaaq,GL,2021-04-16 17:37:12,77.484,-69.3632,10.2,64,3,5.59
144,Buenos Aires,AR,2021-04-16 17:36:15,-34.6132,-58.3772,80.01,78,0,5.75
145,Kununurra,AU,2021-04-16 17:40:10,-15.7667,128.7333,69.8,88,99,5.32
146,Baoying,CN,2021-04-16 17:40:10,33.2292,119.3092,51.13,76,64,8.12
147,Along,IN,2021-04-16 17:38:09,28.1667,94.7667,65.86,84,97,2.24
148,Monroe,US,2021-04-16 17:40:11,43.1501,-77.6831,42.01,93,90,14.97
149,Rauma,FI,2021-04-16 17:40:11,61.1272,21.5113,53.6,28,0,6.91
150,Honiara,SB,2021-04-16 17:40:11,-9.4333,159.95,77.45,88,71,3.89
151,Marsh Harbour,BS,2021-04-16 17:35:29,26.5412,-77.0636,77.7,67,2,12.91
152,Thompson,CA,2021-04-16 17:36:51,55.7435,-97.8558,44.6,26,20,5.75
153,Selfoss,IS,2021-04-16 17:40:12,63.9331,-20.9971,37.99,95,92,15.01
154,Goderich,CA,2021-04-16 17:40:12,43.7501,-81.7165,37.4,87,100,17.27
155,Baykit,RU,2021-04-16 17:40:13,61.67,96.37,4.51,85,86,9.53
156,Laredo,US,2021-04-16 17:40:13,27.5064,-99.5075,84.2,70,90,2.48
157,Arraial Do Cabo,BR,2021-04-16 17:40:13,-22.9661,-42.0278,84.2,57,20,14.97
158,San Juan Nepomuceno,CO,2021-04-16 17:40:13,9.9516,-75.082,88.12,57,100,5.82
159,Leh,IN,2021-04-16 17:40:14,34.1667,77.5833,38.35,59,100,1.05
160,Mahuva,IN,2021-04-16 17:40:14,21.0914,71.7622,84.54,52,0,10.92
161,Klaksvik,FO,2021-04-16 17:40:15,62.2266,-6.589,44.6,100,90,18.41
162,Bethel,US,2021-04-16 17:40:15,41.3712,-73.414,46.4,61,90,8.05
163,Bredasdorp,ZA,2021-04-16 17:40:15,-34.5322,20.0403,60.8,72,0,18.41
164,Saskylakh,RU,2021-04-16 17:40:15,71.9167,114.0833,12.36,94,100,15.82
165,Mahebourg,MU,2021-04-16 17:40:16,-20.4081,57.7,77.0,94,40,5.75
166,Geraldton,AU,2021-04-16 17:40:17,-28.7667,114.6,64.4,48,80,6.91
167,Dwarka,IN,2021-04-16 17:38:09,22.2394,68.9678,80.94,83,0,13.78
168,Salalah,OM,2021-04-16 17:40:17,17.0151,54.0924,82.4,74,0,5.75
169,Cassilandia,BR,2021-04-16 17:40:17,-19.1133,-51.7342,90.16,32,50,3.91
170,Cidreira,BR,2021-04-16 17:35:53,-30.1811,-50.2056,75.31,63,88,8.39
171,Hay River,CA,2021-04-16 17:40:18,60.8156,-115.7999,35.6,69,100,4.61
172,Bonthe,SL,2021-04-16 17:40:18,7.5264,-12.505,84.22,67,61,13.8
173,Nakhon Thai,TH,2021-04-16 17:40:19,17.1006,100.8374,84.99,33,100,1.25
174,Longyearbyen,SJ,2021-04-16 17:40:19,78.2186,15.6401,19.4,63,40,14.97
175,Beloha,MG,2021-04-16 17:40:19,-25.1667,45.05,69.67,74,39,18.05
176,Hiranagar,IN,2021-04-16 17:40:19,32.45,75.2667,73.0,40,90,6.31
177,Upata,VE,2021-04-16 17:35:22,8.0086,-62.3989,91.85,36,45,8.95
178,Hilo,US,2021-04-16 17:40:20,19.7297,-155.09,68.0,68,1,6.91
179,Bengkulu,ID,2021-04-16 17:40:20,-3.8004,102.2655,75.16,90,74,3.76
180,Chapais,CA,2021-04-16 17:40:21,49.7834,-74.8492,53.6,32,75,11.5
181,Pombas,CV,2021-04-16 17:40:21,17.1503,-25.0201,77.0,57,20,33.38
182,Altamira,BR,2021-04-16 17:40:21,-3.2033,-52.2064,86.0,74,75,4.61
183,Belaya Gora,RU,2021-04-16 17:40:22,68.5333,146.4167,-13.47,99,83,6.53
184,Plettenberg Bay,ZA,2021-04-16 17:40:22,-34.0527,23.3716,62.13,68,35,9.84
185,Tungor,RU,2021-04-16 17:40:22,53.3808,142.9564,30.61,93,100,6.46
186,Santa Marta,CO,2021-04-16 17:40:23,11.2408,-74.199,91.99,55,100,1.99
187,Port Blair,IN,2021-04-16 17:40:23,11.6667,92.75,80.35,79,81,11.5
188,Dingle,PH,2021-04-16 17:40:23,10.9995,122.6711,76.57,86,74,4.97
189,Natal,BR,2021-04-16 17:38:09,-5.795,-35.2094,87.8,62,40,14.97
190,Victoria,HK,2021-04-16 17:36:07,22.2855,114.1577,75.0,87,21,7.18
191,Faya,SA,2021-04-16 17:40:24,18.3851,42.4509,69.8,26,20,5.75
192,Gat,IL,2021-04-16 17:40:24,31.61,34.7642,69.01,51,0,8.12
193,Sinnamary,GF,2021-04-16 17:40:25,5.3833,-52.95,82.44,67,84,10.49
194,Hervey Bay,AU,2021-04-16 17:38:09,-25.2986,152.8535,66.99,87,1,8.57
195,Oskaloosa,US,2021-04-16 17:40:25,41.2964,-92.6444,53.6,50,90,8.05
196,Chuy,UY,2021-04-16 17:40:26,-33.6971,-53.4616,72.25,77,54,4.94
197,Ribeira Grande,PT,2021-04-16 17:40:26,38.5167,-28.7,62.6,100,75,18.41
198,Malim,PH,2021-04-16 17:40:26,7.452,123.4312,79.79,80,100,5.23
199,Wajir,KE,2021-04-16 17:40:27,1.7471,40.0573,89.47,44,87,9.24
200,Teguise,ES,2021-04-16 17:40:27,29.0605,-13.564,73.4,60,40,20.71
201,Puri,IN,2021-04-16 17:40:27,19.8,85.85,80.6,89,20,8.05
202,Maniitsoq,GL,2021-04-16 17:37:36,65.4167,-52.9,11.71,69,100,8.46
203,Yulara,AU,2021-04-16 17:40:28,-25.2406,130.9889,57.2,58,0,8.05
204,Hun,LY,2021-04-16 17:40:28,29.1268,15.9477,97.75,7,46,11.9
205,Wamba,NG,2021-04-16 17:40:28,8.9333,8.6,87.42,49,62,4.54
206,Isangel,VU,2021-04-16 17:40:29,-19.55,169.2667,77.86,87,51,4.79
207,Nemuro,JP,2021-04-16 17:40:29,43.3236,145.575,40.46,87,100,19.15
208,Erzin,TR,2021-04-16 17:40:29,36.9559,36.2,71.01,49,56,5.35
209,Wicklow,IE,2021-04-16 17:40:30,53.0,-6.4167,51.01,53,75,9.22
210,Vondrozo,MG,2021-04-16 17:40:30,-22.8167,47.2833,66.74,92,75,3.4
211,Pangody,RU,2021-04-16 17:40:30,65.85,74.4859,20.73,94,100,17.49
212,Biloela,AU,2021-04-16 17:40:31,-24.4167,150.5,63.12,88,0,4.12
213,Djambala,CG,2021-04-16 17:40:31,-2.5447,14.7533,74.75,75,79,5.17
214,Elat,IL,2021-04-16 17:38:35,29.5581,34.9482,86.0,17,0,10.36
215,Sao Joao Da Barra,BR,2021-04-16 17:40:31,-21.6403,-41.0511,84.2,45,75,5.75
216,Kemijarvi,FI,2021-04-16 17:40:32,66.7131,27.4306,33.04,93,13,3.74
217,Bima,ID,2021-04-16 17:40:32,-8.4667,118.7167,73.65,90,86,2.8
218,Porbandar,IN,2021-04-16 17:40:32,21.6422,69.6093,80.92,79,0,11.95
219,Narsaq,GL,2021-04-16 17:38:55,60.9167,-46.05,24.8,30,20,33.38
220,Soyo,AO,2021-04-16 17:40:33,-6.1349,12.3689,80.55,80,79,5.44
221,Vila Velha,BR,2021-04-16 17:40:33,-20.3297,-40.2925,80.01,65,20,16.11
222,Miri,MY,2021-04-16 17:40:33,4.4148,114.0089,77.0,94,20,2.3
223,Kavieng,PG,2021-04-16 17:40:34,-2.5744,150.7967,80.62,79,100,9.48
224,Oktyabrskiy,RU,2021-04-16 17:40:34,54.4815,53.471,49.44,83,63,10.78
225,Kudahuvadhoo,MV,2021-04-16 17:40:34,2.6708,72.8944,83.01,72,100,7.16
226,Covington,US,2021-04-16 17:40:15,39.0837,-84.5086,57.99,50,40,6.91
227,Buin,CL,2021-04-16 17:40:35,-33.7333,-70.75,77.0,38,7,3.44
228,Celestun,MX,2021-04-16 17:40:35,20.8667,-90.4,88.97,50,0,10.27
229,Aranda De Duero,ES,2021-04-16 17:40:35,41.6704,-3.6892,45.12,40,0,15.79
230,Markova,UA,2021-04-16 17:40:36,48.6758,24.4138,42.8,65,75,4.47
231,Merrill,US,2021-04-16 17:35:53,45.1805,-89.6835,53.01,30,1,5.75
232,Iqaluit,CA,2021-04-16 17:40:36,63.7506,-68.5145,14.0,67,20,8.05
233,San Cristobal,VE,2021-04-16 17:40:36,7.7669,-72.225,89.6,55,20,8.05
234,Lagoa,PT,2021-04-16 17:40:37,39.05,-27.9833,61.5,93,100,21.3
235,Tshikapa,CD,2021-04-16 17:40:37,-6.4167,20.8,73.15,83,54,2.28
236,Ankazobe,MG,2021-04-16 17:40:37,-18.3167,47.1167,66.2,88,20,6.91
237,Nanortalik,GL,2021-04-16 17:40:38,60.1432,-45.2371,21.83,52,33,47.67
238,Lashio,MM,2021-04-16 17:40:38,22.9333,97.75,70.75,60,100,2.89
239,Tongchuan,CN,2021-04-16 17:40:39,35.0806,109.0897,45.61,24,66,6.64
240,Kapustin Yar,RU,2021-04-16 17:40:39,48.5831,45.7372,59.52,52,15,7.02
241,Fort-Shevchenko,KZ,2021-04-16 17:40:39,44.5086,50.263,53.56,73,6,8.99
242,Kamenka,RU,2021-04-16 17:40:39,51.3223,42.7678,57.0,42,51,4.43
243,Kurilsk,RU,2021-04-16 17:40:40,45.2333,147.8833,35.33,72,100,12.64
244,Ustye,RU,2021-04-16 17:40:40,59.6304,39.736,40.17,72,6,7.36
245,Lavrentiya,RU,2021-04-16 17:40:40,65.5833,-171.0,32.05,93,100,14.07
246,Zhigansk,RU,2021-04-16 17:40:41,66.7697,123.3711,28.2,95,100,17.58
247,Nome,US,2021-04-16 17:40:41,64.5011,-165.4064,21.99,93,90,11.5
248,Conceicao Da Barra,BR,2021-04-16 17:40:41,-18.5933,-39.7322,80.56,60,1,11.18
249,Divnomorskoye,RU,2021-04-16 17:40:42,44.5011,38.1353,49.6,90,84,4.97
250,Chokwe,MZ,2021-04-16 17:40:42,-24.5333,32.9833,69.73,63,100,15.14
251,Port Maria,JM,2021-04-16 17:40:42,18.3685,-76.8895,88.0,81,31,7.0
252,Batagay,RU,2021-04-16 17:40:43,67.6333,134.6333,9.21,89,66,7.76
253,Yola,NG,2021-04-16 17:40:43,9.2,12.4833,96.67,14,37,0.72
254,Mangla,PK,2021-04-16 17:40:43,31.8931,72.3817,70.14,56,93,7.11
255,Sembe,CG,2021-04-16 17:40:44,1.6481,14.5806,78.8,74,92,3.44
256,Beringovskiy,RU,2021-04-16 17:36:08,63.05,179.3167,27.05,95,100,9.4
257,Nizwa,OM,2021-04-16 17:40:44,22.9333,57.5333,84.42,23,86,5.5
258,Taoudenni,ML,2021-04-16 17:40:45,22.6783,-3.9836,92.88,12,91,12.39
259,Saldanha,ZA,2021-04-16 17:40:45,-33.0117,17.9442,75.2,38,8,6.91
260,Menomonie,US,2021-04-16 17:37:07,44.8755,-91.9193,55.0,35,1,9.22
261,Minusinsk,RU,2021-04-16 17:40:45,53.7103,91.6875,53.6,40,0,17.9
262,Islamkot,PK,2021-04-16 17:40:46,24.6997,70.177,80.35,68,49,12.91
263,Avarua,CK,2021-04-16 17:40:46,-21.2078,-159.775,77.0,83,75,2.3
264,Corsicana,US,2021-04-16 17:38:32,32.0954,-96.4689,59.0,94,90,8.05
265,Bulgan,MN,2021-04-16 17:40:46,48.8125,103.5347,26.42,76,2,5.08
266,Guanica,PR,2021-04-16 17:40:47,17.9716,-66.908,89.01,70,59,10.0
267,Port Macquarie,AU,2021-04-16 17:40:47,-31.4333,152.9167,62.6,100,90,6.91
268,Kambove,CD,2021-04-16 17:40:47,-10.8764,26.5969,64.13,83,71,4.38
269,Tecoanapa,MX,2021-04-16 17:40:48,16.5167,-98.75,83.61,56,19,10.85
270,Hirara,JP,2021-04-16 17:40:48,24.8,125.2833,74.52,85,80,10.92
271,Vila Franca Do Campo,PT,2021-04-16 17:40:48,37.7167,-25.4333,64.4,82,20,9.22
272,Touros,BR,2021-04-16 17:40:49,-5.1989,-35.4608,87.8,58,40,17.27
273,Mount Isa,AU,2021-04-16 17:40:49,-20.7333,139.5,69.8,32,1,18.41
274,Guaratinga,BR,2021-04-16 17:40:49,-16.5667,-39.5667,80.6,57,20,8.05
275,Dalbandin,PK,2021-04-16 17:40:50,28.8947,64.4101,76.89,15,85,8.01
276,Eureka,US,2021-04-16 17:40:14,40.8021,-124.1637,48.2,93,90,5.75
277,Pochutla,MX,2021-04-16 17:40:50,15.7432,-96.4661,96.01,21,1,17.27
278,Tucurui,BR,2021-04-16 17:40:50,-3.7661,-49.6725,84.58,76,90,4.36
279,Tuatapere,NZ,2021-04-16 17:40:51,-46.1333,167.6833,41.0,94,72,4.0
280,Najran,SA,2021-04-16 17:40:51,17.4924,44.1277,80.6,22,40,9.22
281,Sayat,TM,2021-04-16 17:40:51,38.7839,63.8803,69.8,32,0,6.91
282,Paracatu,BR,2021-04-16 17:38:18,-17.2222,-46.8747,83.39,39,8,3.91
283,Gympie,AU,2021-04-16 17:40:52,-26.1898,152.665,66.0,96,79,1.01
284,Naryan-Mar,RU,2021-04-16 17:40:52,67.6713,53.087,25.2,96,100,9.46
285,Okhotsk,RU,2021-04-16 17:40:53,59.3833,143.3,7.92,95,29,5.93
286,Lakes Entrance,AU,2021-04-16 17:40:53,-37.8811,147.981,37.0,96,40,8.81
287,San Patricio,US,2021-04-16 17:40:53,28.017,-97.5169,82.0,83,90,12.66
288,Necochea,AR,2021-04-16 17:40:53,-38.5473,-58.7368,73.0,68,18,8.95
289,Joshimath,IN,2021-04-16 17:40:54,30.5667,79.5667,55.54,60,98,5.28
290,Avera,US,2021-04-16 17:40:54,33.194,-82.5271,64.0,36,1,5.75
291,Ghanzi,BW,2021-04-16 17:40:55,-21.5667,21.7833,73.85,31,72,1.72
292,Ibipeba,BR,2021-04-16 17:40:55,-11.6408,-42.0111,91.42,21,27,6.53
293,Puerto Madryn,AR,2021-04-16 17:38:47,-42.7692,-65.0385,69.73,28,98,13.04
294,Fukue,JP,2021-04-16 17:37:43,32.6881,128.8419,61.34,85,100,8.3
295,Sicamous,CA,2021-04-16 17:40:55,50.8331,-118.9856,55.99,46,3,1.14
296,Jinka,ET,2021-04-16 17:40:56,5.65,36.65,64.85,77,77,3.6
297,Polyarnyye Zori,RU,2021-04-16 17:40:56,67.3661,32.4981,37.99,92,65,4.21
298,Mapimi,MX,2021-04-16 17:40:56,25.8167,-103.85,88.0,8,40,5.06
299,Ustka,PL,2021-04-16 17:40:57,54.5805,16.8619,39.67,86,100,14.14
300,Kungurtug,RU,2021-04-16 17:40:57,50.5994,97.5228,26.15,86,8,2.28
301,Bacolod,PH,2021-04-16 17:35:59,10.6667,122.95,79.48,80,96,9.13
302,Morelia,MX,2021-04-16 17:40:58,19.7008,-101.1844,77.0,25,1,3.44
303,Kuvandyk,RU,2021-04-16 17:40:58,51.4781,57.3552,53.26,54,16,6.73
304,Moron,AR,2021-04-16 17:38:32,-34.6534,-58.6198,80.01,50,0,4.61
305,Lillooet,CA,2021-04-16 17:40:58,50.6856,-121.942,50.0,50,1,2.3
306,Vao,NC,2021-04-16 17:40:59,-22.6667,167.4833,74.43,81,98,16.78
307,Mkushi,ZM,2021-04-16 17:40:59,-13.6202,29.3939,60.8,78,9,4.18
308,Dunedin,NZ,2021-04-16 17:40:59,-45.8742,170.5036,46.99,75,27,14.0
309,Ancud,CL,2021-04-16 17:41:00,-41.8697,-73.8203,64.0,77,75,11.5
310,Cabedelo,BR,2021-04-16 17:41:00,-6.9811,-34.8339,84.2,79,40,13.8
311,Nhamunda,BR,2021-04-16 17:41:00,-2.1861,-56.7131,83.91,71,95,4.7
312,Leo,BF,2021-04-16 17:41:01,11.1,-2.1,92.62,30,86,9.53
313,Savinka,RU,2021-04-16 17:41:01,50.0785,47.0994,59.86,49,91,6.93
314,Sabaudia,IT,2021-04-16 17:41:01,41.3003,13.0282,57.0,62,99,5.99
315,Kashmor,PK,2021-04-16 17:41:02,28.4333,69.5833,75.79,48,8,12.39
316,Kindu,CD,2021-04-16 17:41:02,-2.95,25.95,73.74,86,67,3.24
317,Boa Vista,BR,2021-04-16 17:37:32,2.8197,-60.6733,84.2,65,75,5.75
318,Tilichiki,RU,2021-04-16 17:41:02,60.4667,166.1,21.72,95,100,6.42
319,Inverell,AU,2021-04-16 17:41:03,-29.7833,151.1167,63.0,69,96,4.12
320,Dohrighat,IN,2021-04-16 17:41:03,26.2644,83.5164,88.59,11,35,5.68
321,Kedrovyy,RU,2021-04-16 17:41:03,56.1667,91.8167,32.0,100,90,8.95
322,Kushiro,JP,2021-04-16 17:38:13,42.975,144.3747,40.73,90,100,8.05
323,Sepolno Krajenskie,PL,2021-04-16 17:41:04,53.452,17.5317,42.01,85,100,11.95
324,Rabat,MA,2021-04-16 17:41:04,33.9911,-6.8401,66.99,77,75,10.36
325,La Serena,CL,2021-04-16 17:37:27,-29.9078,-71.2542,60.8,77,90,5.75
326,Cascais,PT,2021-04-16 17:41:05,38.6979,-9.4215,66.2,59,20,9.22
327,Bambous Virieux,MU,2021-04-16 17:41:05,-20.3428,57.7575,79.0,94,40,5.75
328,Stonewall,CA,2021-04-16 17:41:05,50.1344,-97.3268,46.0,49,40,9.22
329,Pafos,CY,2021-04-16 17:41:06,34.7667,32.4167,66.2,68,0,5.75
330,Carnarvon,AU,2021-04-16 17:41:06,-24.8667,113.6333,76.57,35,1,11.72
331,Pouembout,NC,2021-04-16 17:41:06,-21.1333,164.9,72.32,91,49,5.5
332,Dali,CN,2021-04-16 17:41:07,25.7,100.1833,60.48,43,100,5.44
333,Sitka,US,2021-04-16 17:40:48,57.0531,-135.33,42.8,87,20,3.44
334,Montlucon,FR,2021-04-16 17:41:07,46.3333,2.6,46.0,56,94,3.0
335,Gualaquiza,EC,2021-04-16 17:41:07,-3.4,-78.55,73.04,85,96,2.68
336,Clyde River,CA,2021-04-16 17:41:08,70.4692,-68.5914,14.0,85,1,40.29
337,Marawi,PH,2021-04-16 17:41:08,7.9986,124.2928,77.0,88,100,5.99
338,Manadhoo,MV,2021-04-16 17:41:08,5.7667,73.3833,84.36,70,100,4.74
339,Pitsunda,GE,2021-04-16 17:41:09,43.1592,40.3378,57.2,77,75,8.95
340,Orel,RU,2021-04-16 17:41:09,52.9658,36.0803,49.1,72,63,5.1
341,Howard Springs,AU,2021-04-16 17:41:09,-12.497,131.047,80.6,89,90,2.3
342,Dolinsk,RU,2021-04-16 17:41:09,47.35,142.8,28.4,100,99,4.47
343,Lompoc,US,2021-04-16 17:41:10,34.6391,-120.4579,57.99,71,50,5.75
344,Almaznyy,RU,2021-04-16 17:41:10,48.0448,40.045,55.4,71,20,13.42
345,Bulungu,CD,2021-04-16 17:41:10,-4.55,18.6,73.06,91,100,1.03
346,Longjiang,CN,2021-04-16 17:41:11,47.3303,123.1836,35.49,85,100,17.09
347,Guane,CU,2021-04-16 17:41:11,22.2025,-84.0875,87.98,39,0,14.07
348,Xiongzhou,CN,2021-04-16 17:41:11,25.1167,114.3,65.41,97,93,3.15
349,Tahe,CN,2021-04-16 17:41:12,52.3333,124.7333,20.37,94,10,2.28
350,Matagami,CA,2021-04-16 17:41:12,49.7502,-77.6328,42.8,70,1,10.36
351,Lufilufi,WS,2021-04-16 17:41:12,-13.8745,-171.5986,73.4,94,20,8.84
352,Sarti,GR,2021-04-16 17:41:13,40.1,23.9833,54.1,69,100,6.31
353,Tsiroanomandidy,MG,2021-04-16 17:41:13,-18.7667,46.0333,65.7,94,47,4.12
354,Morro Bay,US,2021-04-16 17:41:13,35.3658,-120.8499,62.01,62,1,13.8
355,Cockburn Town,TC,2021-04-16 17:41:14,21.4612,-71.1419,80.6,57,40,4.61
356,Colac,AU,2021-04-16 17:41:14,-38.3333,143.5833,48.0,91,59,4.32
357,Maxixe,MZ,2021-04-16 17:38:19,-23.8597,35.3472,75.2,64,75,18.41
358,Ucluelet,CA,2021-04-16 17:39:08,48.9329,-125.5528,59.0,62,1,2.3
359,Lebu,CL,2021-04-16 17:41:15,-37.6167,-73.65,59.7,68,60,12.24
360,Meylan,FR,2021-04-16 17:41:15,45.2199,5.7901,48.99,81,100,3.0
361,Grenaa,DK,2021-04-16 17:41:15,56.4158,10.8783,48.2,53,40,9.22
362,Farakka,IN,2021-04-16 17:41:16,24.8167,87.9,84.74,48,39,15.59
363,Tromso,NO,2021-04-16 17:40:34,69.6496,18.957,41.0,75,75,21.85
364,Wahiawa,US,2021-04-16 17:41:16,21.5028,-158.0236,72.0,82,1,4.61
365,Severo-Kurilsk,RU,2021-04-16 17:41:16,50.6789,156.125,30.94,80,26,11.97
366,Broome,US,2021-04-16 17:41:17,42.2506,-75.833,41.0,100,90,8.05
367,Bin Qirdan,TN,2021-04-16 17:41:17,33.1378,11.2197,65.05,72,74,23.29
368,Oum Hadjer,TD,2021-04-16 17:41:17,13.2954,19.6966,93.47,5,3,8.63
369,Anuchino,RU,2021-04-16 17:41:18,43.9622,133.0544,41.25,90,100,4.5
370,Puerto Leguizamo,CO,2021-04-16 17:41:18,-0.1934,-74.7819,81.19,84,92,1.39
371,Atasu,KZ,2021-04-16 17:41:18,48.6814,71.6433,54.39,36,100,8.1
372,Tagusao,PH,2021-04-16 17:41:19,9.1924,117.8141,79.75,81,98,3.18
373,Souillac,MU,2021-04-16 17:41:19,-20.5167,57.5167,77.0,94,40,5.75
374,Alice Springs,AU,2021-04-16 17:41:19,-23.7,133.8833,60.01,62,0,8.05
375,Trairi,BR,2021-04-16 17:41:20,-3.2778,-39.2689,83.14,74,74,12.26
376,Vostok,RU,2021-04-16 17:41:20,46.4856,135.8833,32.34,85,64,4.68
377,Carnduff,CA,2021-04-16 17:41:20,49.1667,-101.8009,42.01,72,53,8.01
378,Katete,UG,2021-04-16 17:41:20,-0.7818,29.7544,64.8,88,83,4.34
379,Poya,NC,2021-04-16 17:41:21,-21.35,165.15,73.24,89,56,6.15
380,Ternate,ID,2021-04-16 17:41:21,0.8,127.4,81.03,80,99,8.93
381,Diplahan,PH,2021-04-16 17:41:21,7.7167,123.0167,73.11,92,100,3.13
382,Petropavlovsk-Kamchatskiy,RU,2021-04-16 17:41:22,53.0452,158.6483,30.2,47,3,15.66
383,Omboue,GA,2021-04-16 17:41:22,-1.5746,9.2618,79.43,84,86,4.74
384,Oranjemund,NA,2021-04-16 17:41:22,-28.55,16.4333,76.3,34,80,5.19
385,Njombe,TZ,2021-04-16 17:41:23,-9.3333,34.7667,57.58,98,100,6.2
386,Weligama,LK,2021-04-16 17:41:23,5.9667,80.4167,77.36,86,94,2.75
387,Loa Janan,ID,2021-04-16 17:41:23,-0.583,117.095,73.06,98,83,2.55
388,Melilla,ES,2021-04-16 17:41:24,35.2937,-2.9383,60.8,77,75,6.91
389,Korla,CN,2021-04-16 17:41:24,41.7597,86.1469,61.29,23,89,0.83
390,Slavutych,UA,2021-04-16 17:41:24,51.5196,30.7343,45.9,90,99,5.66
391,Kahului,US,2021-04-16 17:41:05,20.8947,-156.47,70.0,94,1,4.61
392,Sakakah,SA,2021-04-16 17:41:25,29.9697,40.2064,86.0,10,75,12.66
393,Vila Do Maio,CV,2021-04-16 17:41:25,15.1333,-23.2167,77.0,57,40,20.71
394,Ilo,PE,2021-04-16 17:41:25,-17.6394,-71.3375,73.4,73,0,8.05
395,Haines Junction,CA,2021-04-16 17:41:26,60.7522,-137.5108,35.6,60,97,1.14
396,Vladesti,RO,2021-04-16 17:41:26,45.1167,24.3,39.96,71,64,3.85
397,Valdez,EC,2021-04-16 17:41:26,1.2492,-78.9831,79.52,77,96,8.99
398,Roald,NO,2021-04-16 17:41:27,62.5833,6.1333,46.4,53,0,6.91
399,Fonte Boa,BR,2021-04-16 17:41:27,-2.4959,-66.2662,81.46,88,83,2.3
400,Axim,GH,2021-04-16 17:41:27,4.8699,-2.2405,83.1,76,67,10.11
401,Krasnoye,UA,2021-04-16 17:41:27,49.9145,24.6134,35.6,93,75,8.95
402,Komsomolskiy,UZ,2021-04-16 17:41:28,40.4272,71.7189,64.4,48,10,2.3
403,Nordenham,DE,2021-04-16 17:41:28,53.5,8.4833,50.0,49,20,12.66
404,Katherine,AU,2021-04-16 17:41:29,-14.4667,132.2667,75.2,73,62,4.61
405,Abha,SA,2021-04-16 17:41:29,18.2164,42.5053,69.8,26,20,5.75
406,Marsaxlokk,MT,2021-04-16 17:41:29,35.8419,14.5431,57.2,82,75,24.16
407,Kyra,RU,2021-04-16 17:41:30,49.5776,111.9753,28.47,50,2,3.0
408,Nantucket,US,2021-04-16 17:37:23,41.2835,-70.0995,42.8,81,90,27.63
409,Broken Hill,AU,2021-04-16 17:41:30,-31.95,141.4333,51.8,54,17,10.36
410,Araouane,ML,2021-04-16 17:41:30,18.9048,-3.5265,97.68,8,100,9.98
411,Ariano Irpino,IT,2021-04-16 17:38:01,41.1489,15.0833,52.0,67,100,5.03
412,Katangli,RU,2021-04-16 17:41:31,51.7102,143.2326,27.27,92,100,4.12
413,Upernavik,GL,2021-04-16 17:41:31,72.7868,-56.1549,-3.55,88,63,9.75
414,Asau,RO,2021-04-16 17:41:32,46.4333,26.4,48.2,49,0,11.5
415,Hohhot,CN,2021-04-16 17:41:32,40.8106,111.6522,24.8,80,0,6.71
416,Lukulu,ZM,2021-04-16 17:41:32,-14.3707,23.242,69.58,55,12,6.15
417,Praia,CV,2021-04-16 17:41:33,14.9215,-23.5087,77.0,57,40,20.71
418,Iberia,US,2021-04-16 17:41:33,29.9502,-91.7507,73.4,78,40,10.36
419,Srandakan,ID,2021-04-16 17:41:33,-7.9386,110.2506,76.89,88,46,5.17
420,Tyup,KG,2021-04-16 17:41:34,42.7276,78.3648,48.51,69,97,4.23
421,Itum-Kale,RU,2021-04-16 17:41:34,42.7356,45.5758,51.78,71,37,6.87
422,Kizner,RU,2021-04-16 17:41:34,56.2749,51.508,43.41,54,33,9.78
423,Sarapulka,RU,2021-04-16 17:41:34,56.8678,61.0552,41.0,36,0,6.71
424,Neuquen,AR,2021-04-16 17:39:18,-38.9516,-68.0591,73.4,20,0,8.05
425,Wroclaw,PL,2021-04-16 17:41:35,51.1,17.0333,44.01,93,75,11.5
426,Port Lincoln,AU,2021-04-16 17:39:09,-34.7333,135.8667,57.31,74,13,6.33
427,Harper,LR,2021-04-16 17:41:35,4.375,-7.7169,82.87,74,38,10.31
428,Cahors,FR,2021-04-16 17:41:36,44.4167,1.3333,55.4,28,40,10.36
429,Kamina,CD,2021-04-16 17:41:36,-8.7386,24.9906,67.87,89,87,3.62
430,Lata,PT,2021-04-16 17:41:36,40.1629,-8.3327,69.01,77,73,5.08
431,Coquimbo,CL,2021-04-16 17:37:46,-29.9533,-71.3436,60.8,77,90,5.75
432,Murindo,CO,2021-04-16 17:41:37,6.9848,-76.7544,80.47,77,100,5.59
433,Grand Bank,CA,2021-04-16 17:41:37,47.0999,-55.765,42.8,61,20,26.46
434,Tchibanga,GA,2021-04-16 17:41:38,-2.85,11.0333,75.27,91,100,2.44
435,Husavik,IS,2021-04-16 17:41:38,66.0449,-17.3389,48.2,43,20,27.63
436,Atar,MR,2021-04-16 17:37:00,20.5169,-13.0499,92.17,12,1,13.69
437,Podor,MR,2021-04-16 17:41:38,16.6527,-14.9587,105.8,17,0,2.3
438,Shu,KZ,2021-04-16 17:41:39,43.5983,73.7614,57.79,66,97,6.15
439,Kaz,RU,2021-04-16 17:41:39,52.9113,87.3105,41.43,90,31,4.03
440,Karratha,AU,2021-04-16 17:39:08,-20.7377,116.8463,81.82,45,0,9.42
441,Aklavik,CA,2021-04-16 17:37:13,68.2191,-135.0107,19.4,73,75,4.21
442,Maldonado,UY,2021-04-16 17:41:39,-34.6667,-54.9167,73.4,78,40,6.91
443,Alyangula,AU,2021-04-16 17:41:40,-13.8483,136.4192,73.4,100,26,6.35
444,Shimoda,JP,2021-04-16 17:41:40,34.6667,138.95,51.01,91,100,8.39
445,Balikpapan,ID,2021-04-16 17:41:40,-1.2675,116.8289,77.31,84,99,6.96
446,Clinton,US,2021-04-16 17:39:13,42.587,-82.9199,46.0,81,90,10.36
447,Bandar-E Anzali,IR,2021-04-16 17:41:41,37.4727,49.4622,58.6,68,2,3.6
448,Kirakira,SB,2021-04-16 17:41:41,-10.4544,161.9205,79.02,85,59,6.46
449,Kijang,KR,2021-04-16 17:41:42,35.2442,129.2139,59.0,88,75,3.44
450,Coleraine,GB,2021-04-16 17:41:42,55.1333,-6.6667,53.6,50,20,11.5
451,Kismayo,SO,2021-04-16 17:41:42,-0.3582,42.5454,83.68,73,87,11.21
452,Kuusamo,FI,2021-04-16 17:41:43,65.9667,29.1833,44.6,42,0,3.44
453,Semporna,MY,2021-04-16 17:41:43,4.4818,118.6112,75.2,94,20,3.44
454,Raga,SS,2021-04-16 17:41:43,8.4596,25.678,85.75,11,15,3.8
455,Qobustan,AZ,2021-04-16 17:41:44,40.0824,49.412,53.6,87,0,6.91
456,Aykhal,RU,2021-04-16 17:41:44,66.0,111.5,3.27,95,83,25.61
457,Rio Grande,BR,2021-04-16 17:41:44,-32.035,-52.0986,80.6,65,40,3.44
458,Grand Gaube,MU,2021-04-16 17:41:45,-20.0064,57.6608,79.0,84,93,1.99
459,Elko,US,2021-04-16 17:41:45,41.0002,-115.5012,46.99,44,40,10.0
460,Bagrami,AF,2021-04-16 17:41:45,34.4938,69.2743,54.03,66,100,3.49
461,Auki,SB,2021-04-16 17:41:46,-8.7676,160.7034,77.13,88,55,4.12
462,Sistranda,NO,2021-04-16 17:41:46,63.7256,8.834,46.4,61,0,10.36
463,Chengde,CN,2021-04-16 17:41:46,40.9725,117.9361,39.79,23,6,8.14
464,Vavozh,RU,2021-04-16 17:41:47,56.7751,51.931,38.86,63,3,9.04
465,Nueva Loja,EC,2021-04-16 17:41:47,0.0847,-76.8828,87.8,62,40,5.75
466,Joinville,BR,2021-04-16 17:41:47,-26.3044,-48.8456,82.4,57,20,10.36
467,Meulaboh,ID,2021-04-16 17:41:48,4.1363,96.1285,77.04,88,96,5.01
468,Burnie,AU,2021-04-16 17:41:48,-41.0667,145.9167,51.01,72,89,4.0
469,Hofn,IS,2021-04-16 17:41:48,64.2539,-15.2082,46.4,71,40,20.71
470,Saint-Michel-Des-Saints,CA,2021-04-16 17:41:48,46.6834,-73.9159,50.0,51,100,9.95
471,Kharan,PK,2021-04-16 17:41:49,28.5833,65.4167,79.79,18,66,5.75
472,Chicama,PE,2021-04-16 17:41:49,-7.8447,-79.1469,69.8,78,84,12.66
473,Concepcion Del Oro,MX,2021-04-16 17:41:49,24.6333,-101.4167,77.77,6,2,10.6
474,Olinda,BR,2021-04-16 17:41:50,-8.0089,-34.8553,73.4,88,75,5.75
475,Faanui,PF,2021-04-16 17:41:50,-16.4833,-151.75,81.57,74,13,10.04
476,Micomeseng,GQ,2021-04-16 17:41:51,2.1462,10.6164,71.38,98,100,1.68
477,Inyonga,TZ,2021-04-16 17:41:51,-6.7167,32.0667,63.75,94,75,2.98
478,Bandarbeyla,SO,2021-04-16 17:41:51,9.4942,50.8122,81.43,71,0,10.56
479,Emerald,AU,2021-04-16 17:41:51,-23.5333,148.1667,68.0,83,0,4.61
480,Tangping,CN,2021-04-16 17:41:52,22.0265,111.9323,74.26,91,85,3.09
481,Griffith,US,2021-04-16 17:41:52,41.5284,-87.4237,50.0,66,1,4.61
482,Malakal,SS,2021-04-16 17:40:06,9.5334,31.6605,93.24,9,24,2.37
483,Salekhard,RU,2021-04-16 17:41:53,66.53,66.6019,12.79,84,8,12.46
484,Nhulunbuy,AU,2021-04-16 17:41:53,-12.2333,136.7667,78.8,73,90,6.8
485,Sobolevo,RU,2021-04-16 17:41:53,54.4299,31.8996,48.92,85,80,10.02
486,Erenhot,CN,2021-04-16 17:41:54,43.6475,111.9767,34.79,35,45,8.05
487,Manokwari,ID,2021-04-16 17:41:54,-0.8667,134.0833,78.01,76,100,3.51
488,Saint-Francois,FR,2021-04-16 17:41:54,46.4154,3.9054,48.99,43,0,16.11
489,Cortes,ES,2021-04-16 17:41:55,41.9395,-1.4396,59.0,32,0,21.85
490,Ceres,US,2021-04-16 17:41:55,37.5949,-120.9577,63.0,44,1,10.36
491,Palmer,US,2021-04-16 17:41:55,42.1584,-72.3287,36.0,100,90,13.8
492,Umm Lajj,SA,2021-04-16 17:41:56,25.0213,37.2685,78.37,53,4,7.49
493,Kermanshah,IR,2021-04-16 17:41:56,34.3142,47.065,59.0,20,0,6.91
494,Port Augusta,AU,2021-04-16 17:41:56,-32.5,137.7667,55.4,88,0,3.44
495,Xingyi,CN,2021-04-16 17:41:57,24.1877,102.817,62.55,66,100,3.94
496,Simbahan,PH,2021-04-16 17:41:57,6.3032,120.5836,82.89,76,100,11.41
497,Koson,UZ,2021-04-16 17:41:57,39.0375,65.585,68.0,24,0,6.91
498,Flinders,AU,2021-04-16 17:41:58,-34.5833,150.8552,55.99,79,94,1.99
499,Sorland,NO,2021-04-16 17:41:58,67.667,12.6934,42.8,93,0,10.36
500,Basavakalyan,IN,2021-04-16 17:41:58,17.8667,76.95,87.46,22,8,7.49
501,Khandyga,RU,2021-04-16 17:41:59,62.6667,135.6,27.14,86,100,12.68
502,Ibra,OM,2021-04-16 17:41:59,22.6906,58.5334,83.55,24,70,7.07
503,Bismarck,US,2021-04-16 17:41:59,46.8083,-100.7837,39.2,87,90,9.22
504,Neubrandenburg,DE,2021-04-16 17:42:00,53.5667,13.2667,46.0,53,79,1.99
505,Barra Patuca,HN,2021-04-16 17:42:00,15.8,-84.2833,86.45,59,38,12.55
506,Ola,RU,2021-04-16 17:42:00,59.5833,151.2833,17.96,94,98,0.98
507,Poum,NC,2021-04-16 17:42:01,-20.2333,164.0167,78.3,77,40,16.28
508,Pavilosta,LV,2021-04-16 17:42:01,56.8879,21.1859,51.8,46,40,10.36
509,Olga,RU,2021-04-16 17:42:02,43.7444,135.2892,40.01,94,100,1.23
510,West Plains,US,2021-04-16 17:42:02,36.7281,-91.8524,57.2,51,90,10.36
511,Atagay,RU,2021-04-16 17:42:02,55.1033,99.3875,39.33,79,84,7.38
512,Bafq,IR,2021-04-16 17:42:02,31.6128,55.4107,74.52,21,29,5.75
513,Comodoro Rivadavia,AR,2021-04-16 17:38:47,-45.8667,-67.5,69.8,32,40,18.41
514,Anori,BR,2021-04-16 17:42:03,-3.7728,-61.6442,88.25,60,97,4.54
515,Luderitz,NA,2021-04-16 17:42:03,-26.6481,15.1594,83.66,29,99,16.93
516,Staryy Nadym,RU,2021-04-16 17:42:04,65.6118,72.6842,21.79,88,100,18.32
517,Marica,BR,2021-04-16 17:41:15,-22.9194,-42.8186,82.4,65,20,11.5
518,Bafia,CM,2021-04-16 17:42:04,4.75,11.2333,77.41,70,88,5.68
519,Boundiali,CI,2021-04-16 17:42:05,9.5217,-6.4869,83.46,51,86,10.65
520,Taybad,IR,2021-04-16 17:42:05,34.74,60.7756,65.52,26,22,10.76
521,Hammonton,US,2021-04-16 17:42:05,39.6365,-74.8024,53.01,63,56,1.01
522,Gambela,ET,2021-04-16 17:42:06,8.25,34.5833,86.77,25,79,2.46
523,Marystown,CA,2021-04-16 17:42:06,47.1666,-55.1483,42.91,64,81,19.04
524,Ganzhou,CN,2021-04-16 17:42:06,28.8184,115.4327,60.39,85,96,3.36
525,Teguldet,RU,2021-04-16 17:42:07,57.3064,88.1667,28.35,90,100,9.57
526,Lasa,IT,2021-04-16 17:42:07,46.6166,10.7002,55.4,35,40,2.3
527,Bitung,ID,2021-04-16 17:42:07,1.4451,125.1824,75.2,100,20,1.14
528,Ouallam,NE,2021-04-16 17:42:08,14.3188,2.0866,98.64,4,12,10.67
529,Teahupoo,PF,2021-04-16 17:42:08,-17.8333,-149.2667,80.6,69,20,5.75
530,Fare,PF,2021-04-16 17:42:08,-16.7,-151.0167,81.5,76,10,13.04
531,Hamilton,US,2021-04-16 17:37:34,39.1834,-84.5333,57.99,50,40,6.91
532,Kaitangata,NZ,2021-04-16 17:42:09,-46.2817,169.8464,43.0,82,37,3.0
533,Margate,GB,2021-04-16 17:38:58,51.3813,1.3862,46.0,64,3,4.0
534,Flin Flon,CA,2021-04-16 17:42:09,54.7682,-101.865,44.6,45,1,11.5
535,Carutapera,BR,2021-04-16 17:42:09,-1.195,-46.02,80.91,85,99,8.16
536,Turukhansk,RU,2021-04-16 17:42:10,65.8167,87.9833,-8.43,98,100,9.33
537,Muroto,JP,2021-04-16 17:42:10,33.2833,134.15,64.33,87,100,4.65
538,Labuan,MY,2021-04-16 17:42:11,5.2767,115.2417,77.0,100,20,3.44
539,Namibe,AO,2021-04-16 17:42:11,-15.1961,12.1522,80.98,72,0,7.09
540,Lhokseumawe,ID,2021-04-16 17:42:11,5.1801,97.1507,78.98,82,98,3.8
541,Ahvaz,IR,2021-04-16 17:38:03,31.3203,48.6693,84.2,17,0,4.61
542,Tottori,JP,2021-04-16 17:38:35,35.5,134.2333,57.0,92,100,3.51
543,San Fernando,PH,2021-04-16 17:42:12,15.0286,120.6898,82.4,69,75,2.3
544,Springfield,US,2021-04-16 17:41:05,37.2153,-93.2982,53.01,71,90,8.05
545,Calama,CL,2021-04-16 17:42:12,-22.4667,-68.9333,69.8,16,0,16.11
546,Vagay,RU,2021-04-16 17:42:13,57.9375,69.0217,29.82,62,3,3.49
547,Mariental,NA,2021-04-16 17:42:13,-24.6333,17.9667,74.59,30,81,4.63
548,Qaqortoq,GL,2021-04-16 17:42:13,60.7167,-46.0333,24.8,30,20,33.38
549,Wakkanai,JP,2021-04-16 17:42:14,45.4094,141.6739,44.2,77,97,9.22
550,Solofra,IT,2021-04-16 17:42:14,40.8295,14.8419,52.0,68,100,8.43
551,Bakchar,RU,2021-04-16 17:42:14,57.0186,82.0711,26.17,84,94,9.53
552,San Quintin,MX,2021-04-16 17:42:15,30.4833,-115.95,63.64,64,83,13.09
553,Koungou,YT,2021-04-16 17:42:15,-12.7336,45.2042,82.4,78,0,10.36
554,Aksu,CN,2021-04-16 17:42:15,41.1231,80.2644,62.83,37,66,6.29
555,Ewa Beach,US,2021-04-16 17:42:16,21.3156,-158.0072,72.0,88,1,3.44
556,Santa Cruz De Tenerife,ES,2021-04-16 17:42:16,28.4682,-16.2546,69.01,82,75,17.27
557,Ayr,GB,2021-04-16 17:42:16,55.4627,-4.6339,51.8,50,0,14.97
558,Camana,PE,2021-04-16 17:42:17,-16.6228,-72.7111,72.12,71,27,6.35
559,Ixtapa,MX,2021-04-16 17:42:17,20.7,-105.2,78.8,65,1,8.05
560,Fethiye,TR,2021-04-16 17:42:17,36.6217,29.1164,60.8,88,75,3.44
561,Dubti,ET,2021-04-16 17:42:18,11.7361,41.0853,93.0,18,3,10.85
562,Yelizovo,RU,2021-04-16 17:42:18,53.1873,158.3805,30.2,47,4,15.66
563,Half Moon Bay,US,2021-04-16 17:42:19,37.4636,-122.4286,59.0,66,1,4.61
564,Statesville,US,2021-04-16 17:42:19,35.7826,-80.8873,64.0,33,1,6.35
565,Ulverstone,AU,2021-04-16 17:42:19,-41.15,146.1667,51.01,75,47,1.01
566,Kidal,ML,2021-04-16 17:42:19,18.4411,1.4078,98.35,5,100,6.62
567,Odienne,CI,2021-04-16 17:42:20,9.51,-7.5692,94.28,30,93,4.97
568,Bonavista,CA,2021-04-16 17:42:20,48.6499,-53.1147,37.4,65,98,5.75
569,Perth,AU,2021-04-16 17:42:20,-31.9333,115.8333,64.99,48,0,14.97
570,Batagay-Alyta,RU,2021-04-16 17:42:21,67.8006,130.4114,5.04,98,100,2.24
571,Kapiri Mposhi,ZM,2021-04-16 17:42:21,-13.9652,28.6809,61.23,71,10,5.46
572,Aberdeen,GB,2021-04-16 17:42:21,57.1437,-2.0981,52.0,61,71,13.8
573,Glenwood Springs,US,2021-04-16 17:42:22,39.5505,-107.3248,41.0,52,90,4.61
574,Barcelos,PT,2021-04-16 17:39:17,41.5388,-8.6151,73.99,52,0,10.36
575,Sabla,NG,2021-04-16 17:42:22,12.7525,4.7077,92.89,5,24,4.45
